{"cameraMode":{"drawMode":0,"name":"Shaded","section":"Shading Mode"},"sceneLighting":true,"audioPlay":false,"sceneViewState":{"showFog":true,"showMaterialUpdate":false,"showSkybox":true,"showFlares":true,"showImageEffects":true,"showParticleSystems":true},"in2DMode":false,"pivot":{"x":1.1152853965759278,"y":0.2904012203216553,"z":-1.4281187057495118},"rotation":{"x":-0.03402085602283478,"y":-0.21068231761455537,"z":0.007335839327424765,"w":-0.9769436717033386},"size":3.7578837871551515,"orthographic":false}