{"cameraMode":{"drawMode":0,"name":"Shaded","section":"Shading Mode"},"sceneLighting":true,"audioPlay":false,"sceneViewState":{"showFog":true,"showMaterialUpdate":false,"showSkybox":true,"showFlares":true,"showImageEffects":true,"showParticleSystems":true},"in2DMode":false,"pivot":{"x":796.4736328125,"y":319.8271789550781,"z":236.056884765625},"rotation":{"x":-0.14331310987472535,"y":0.0821390226483345,"z":-0.011936413124203682,"w":-0.9861908555030823},"size":1551.483642578125,"orthographic":false}